event,station,SW_max_amp
20141201003114,DR14,2.58E-09
20141201005048,DR14,9.20E-10
20141201025817,DR14,1.84E-10
20141201032251,DR14,9.09E-10
20141201050756,DR14,1.60E-10
20141201060513,DR14,2.85E-10
20141201063920,DR14,1.63E-10
20141201072523,DR14,4.06E-10
20141201074122,DR14,4.24E-09
20141201092145,DR14,2.74E-09
20141201092152,DR14,1.68E-09
20141201094606,DR14,3.00E-10
20141201094922,DR14,2.01E-10
20141201095010,DR14,1.64E-10
20141201101953,DR14,1.54E-10
20141201103813,DR14,1.32E-10
20141201142324,DR14,1.45E-10
20141201142521,DR14,1.36E-10
20141201144621,DR14,6.25E-09
20141201150302,DR14,1.09E-09
20141201152755,DR14,2.94E-10
20141201183610,DR14,1.62E-10
20141201184007,DR14,1.70E-10
20141201193106,DR14,9.66E-10
20141201205112,DR14,2.58E-10
20141201222042,DR14,6.98E-10
20141201235037,DR14,2.64E-09
20141202003002,DR14,1.31E-10
20141202021508,DR14,1.52E-10
20141202074732,DR14,2.43E-09
20141202094551,DR14,8.22E-10
20141202103129,DR14,2.37E-10
20141202120321,DR14,4.52E-09
20141202124246,DR14,3.19E-10
20141202131413,DR14,1.72E-10
20141202142300,DR14,2.06E-10
20141202151913,DR14,3.13E-09
20141202155423,DR14,5.55E-10
20141202160541,DR14,5.20E-10
20141202161257,DR14,1.29E-10
20141202171814,DR14,9.72E-10
20141202203130,DR14,1.80E-10
20141202211010,DR14,4.58E-10
20141202214555,DR14,2.05E-10
20141203025735,DR14,6.59E-10
20141203032717,DR14,1.63E-10
20141203054709,DR14,5.19E-10
20141203060555,DR14,7.23E-10
20141203061914,DR14,1.65E-10
20141203092559,DR14,3.94E-10
20141203101549,DR14,8.67E-09
20141203111405,DR14,1.63E-09
20141203115557,DR14,1.91E-10
20141203124218,DR14,1.25E-09
20141203134733,DR14,1.47E-10
20141203141951,DR14,2.34E-10
20141203143358,DR14,2.25E-09
20141203143734,DR14,1.47E-10
20141203161042,DR14,1.89E-10
20141203163103,DR14,2.45E-10
20141203170424,DR14,2.55E-10
20141203180731,DR14,1.51E-09
20141203182705,DR14,2.43E-10
20141203190013,DR14,2.58E-10
20141203193320,DR14,8.31E-10
20141203212656,DR14,9.18E-10
20141204002536,DR14,1.57E-10
20141204005042,DR14,3.02E-10
20141204020528,DR14,1.86E-10
20141204020537,DR14,2.30E-10
20141204031831,DR14,2.96E-10
20141204045103,DR14,2.36E-10
20141204063134,DR14,1.56E-10
20141204074934,DR14,2.24E-10
20141204074938,DR14,2.24E-10
20141204085045,DR14,1.99E-10
20141204090530,DR14,2.16E-10
20141204093155,DR14,3.65E-10
20141204104327,DR14,1.87E-10
20141204111410,DR14,4.87E-09
20141204122123,DR14,8.08E-09
20141204135924,DR14,1.28E-10
20141204140117,DR14,7.38E-10
20141204145145,DR14,1.28E-09
20141204163832,DR14,1.97E-10
20141204170108,DR14,2.00E-09
20141204171037,DR14,1.91E-10
20141204210607,DR14,2.53E-09
20141205040309,DR14,6.31E-09
20141205054536,DR14,5.15E-10
20141205055517,DR14,2.51E-09
20141205063905,DR14,6.09E-10
20141205075057,DR14,1.34E-09
20141205082737,DR14,2.48E-10
20141205095504,DR14,3.13E-10
20141205112309,DR14,9.73E-10
20141205112315,DR14,2.64E-10
20141205120050,DR14,1.86E-10
20141205131723,DR14,1.77E-10
20141205133135,DR14,1.18E-10
20141205135406,DR14,1.93E-09
20141205140233,DR14,1.75E-10
20141205144705,DR14,2.34E-10
20141205144757,DR14,4.92E-10
20141205154557,DR14,2.61E-09
20141205162945,DR14,3.42E-10
20141205163217,DR14,1.18E-09
20141205164813,DR14,3.60E-10
20141205170136,DR14,3.51E-10
20141205173516,DR14,1.96E-10
20141205175034,DR14,3.74E-10
20141205184525,DR14,1.96E-08
20141205200813,DR14,2.27E-10
20141205204644,DR14,2.55E-10
20141205211618,DR14,1.92E-10
20141205213614,DR14,3.74E-10
20141205225243,DR14,5.12E-10
20141206015545,DR14,8.77E-10
20141206024625,DR14,5.22E-10
20141206063801,DR14,2.64E-10
20141206072015,DR14,8.14E-10
20141206074712,DR14,1.91E-10
20141206082433,DR14,2.28E-10
20141206102936,DR14,2.07E-09
20141206110517,DR14,2.42E-10
20141206121733,DR14,2.31E-10
20141206141353,DR14,1.84E-10
20141206153625,DR14,2.27E-10
20141206154716,DR14,1.23E-10
20141206162253,DR14,8.25E-09
20141206163048,DR14,2.10E-10
20141206165551,DR14,2.57E-10
20141206172711,DR14,1.89E-10
20141206173416,DR14,2.66E-10
20141206202015,DR14,7.61E-10
20141206202658,DR14,1.42E-10
20141206210854,DR14,4.97E-10
20141206221652,DR14,3.07E-10
20141206234009,DR14,3.69E-10
20141206234052,DR14,2.11E-10
20141207002317,DR14,3.71E-10
20141207015748,DR14,1.42E-10
20141207033101,DR14,1.30E-10
20141207035601,DR14,1.31E-10
20141207053312,DR14,3.11E-10
20141207060424,DR14,9.28E-10
20141207060558,DR14,2.38E-10
20141207072739,DR14,7.56E-10
20141207101627,DR14,1.56E-10
20141207105220,DR14,2.65E-09
20141207111651,DR14,5.79E-10
20141207121307,DR14,1.61E-10
20141207141911,DR14,1.98E-10
20141207151749,DR14,3.91E-10
20141207152009,DR14,1.64E-10
20141207160950,DR14,1.59E-10
20141207161500,DR14,1.90E-10
20141207163517,DR14,1.26E-09
20141207165850,DR14,4.96E-10
20141207182532,DR14,1.58E-10
20141207183529,DR14,2.40E-10
20141207192234,DR14,7.11E-09
20141207192457,DR14,2.34E-10
20141207201853,DR14,1.27E-09
20141207215354,DR14,4.66E-10
20141207220445,DR14,1.81E-10
20141208004738,DR14,4.29E-10
20141208061219,DR14,1.40E-10
20141208065917,DR14,1.21E-09
20141208082328,DR14,4.50E-10
20141208085701,DR14,1.72E-10
20141208102951,DR14,2.81E-10
20141208105516,DR14,1.93E-10
20141208114944,DR14,1.73E-10
20141208140412,DR14,1.67E-10
20141208142601,DR14,2.17E-10
20141208142711,DR14,3.48E-10
20141208152739,DR14,6.32E-09
20141208161551,DR14,1.22E-09
20141208162852,DR14,1.60E-10
20141208172429,DR14,2.52E-10
20141208185251,DR14,6.89E-09
20141208204800,DR14,3.38E-10
20141208210550,DR14,1.59E-10
20141208233518,DR14,1.07E-09
20141208234019,DR14,1.43E-10
20141209014721,DR14,8.96E-10
20141209041653,DR14,8.42E-10
20141209115311,DR14,2.99E-10
20141209131348,DR14,1.55E-10
20141209145429,DR14,1.85E-10
20141209152304,DR14,4.42E-10
20141209194727,DR14,1.57E-10
20141209201233,DR14,4.46E-10
20141209204315,DR14,4.39E-10
20141209213736,DR14,9.36E-10
20141210004301,DR14,1.82E-09
20141210043121,DR14,1.73E-09
20141210052850,DR14,1.75E-10
20141210080421,DR14,2.79E-10
20141210085336,DR14,8.31E-10
20141210101440,DR14,1.95E-09
20141210120000,DR14,5.80E-10
20141210120430,DR14,2.73E-10
20141210121056,DR14,2.30E-10
20141210124536,DR14,3.32E-10
20141210131820,DR14,1.87E-09
20141210135233,DR14,2.49E-10
20141210153405,DR14,1.54E-10
20141210171317,DR14,1.54E-10
20141210171840,DR14,4.12E-09
20141210174715,DR14,3.18E-09
20141210181020,DR14,9.81E-11
20141210184836,DR14,1.40E-09
20141210191152,DR14,1.63E-10
20141210192251,DR14,3.35E-10
20141210194148,DR14,2.37E-10
20141210195846,DR14,5.26E-10
20141210201704,DR14,9.18E-10
20141210233839,DR14,4.16E-10
20141210234026,DR14,8.51E-10
20141211003324,DR14,1.00E-09
20141211003739,DR14,1.66E-10
20141211012121,DR14,1.76E-10
20141211041536,DR14,1.82E-10
20141211043911,DR14,4.49E-10
20141211045048,DR14,1.85E-10
20141211050007,DR14,3.79E-09
20141211054654,DR14,3.58E-10
20141211055500,DR14,2.41E-10
20141211065735,DR14,3.10E-10
20141211081854,DR14,1.99E-09
20141211092326,DR14,6.17E-10
20141211093802,DR14,7.57E-10
20141211100413,DR14,4.13E-10
20141211102441,DR14,1.81E-10
20141211113853,DR14,1.91E-10
20141211123410,DR14,2.37E-10
20141211131509,DR14,1.84E-10
20141211140818,DR14,4.17E-10
20141211141340,DR14,3.79E-09
20141211142147,DR14,1.59E-08
20141211153705,DR14,5.21E-10
20141211163816,DR14,2.32E-10
20141211232848,DR14,4.58E-10
20141212001516,DR14,3.62E-10
20141212031922,DR14,3.99E-10
20141212033618,DR14,4.07E-10
20141212034608,DR14,2.35E-10
20141212035046,DR14,1.48E-10
20141212040041,DR14,6.55E-10
20141212060501,DR14,1.03E-09
20141212091646,DR14,1.35E-09
20141212095835,DR14,3.23E-10
20141212132724,DR14,3.28E-09
20141212142612,DR14,3.00E-10
20141212151300,DR14,1.88E-10
20141212152206,DR14,1.33E-10
20141212152225,DR14,1.60E-10
20141212160824,DR14,3.24E-10
20141212181417,DR14,8.12E-10
20141212183733,DR14,1.54E-10
20141212201301,DR14,2.99E-10
20141212221314,DR14,2.51E-10
20141212223333,DR14,1.71E-10
20141213012252,DR14,9.22E-10
20141213014332,DR14,2.11E-10
20141213023233,DR14,3.82E-10
20141213041404,DR14,3.79E-10
20141213042247,DR14,2.15E-10
20141213053551,DR14,1.70E-10
20141213084921,DR14,5.87E-10
20141213120841,DR14,1.18E-09
20141213130359,DR14,2.96E-10
20141213134704,DR14,5.10E-10
20141213151648,DR14,2.07E-10
20141213153828,DR14,7.32E-09
20141213155137,DR14,2.41E-09
20141213163712,DR14,2.09E-10
20141213172738,DR14,2.11E-09
20141213175006,DR14,3.60E-10
20141213182115,DR14,1.56E-10
20141213202229,DR14,2.15E-10
20141213205152,DR14,1.20E-09
20141213213208,DR14,2.08E-10
20141213221839,DR14,1.21E-10
20141213222055,DR14,8.31E-10
20141214003223,DR14,1.45E-10
20141214034505,DR14,1.38E-10
20141214055429,DR14,7.37E-10
20141214094054,DR14,2.92E-10
20141214100000,DR14,1.61E-10
20141214110827,DR14,3.26E-10
20141214111554,DR14,1.40E-10
20141214124709,DR14,1.73E-10
20141214125218,DR14,1.84E-10
20141214133744,DR14,1.39E-10
20141214151033,DR14,2.24E-10
20141214153224,DR14,2.09E-10
20141214155256,DR14,1.57E-10
20141214162308,DR14,2.17E-10
20141214165133,DR14,2.98E-10
20141214180918,DR14,7.35E-10
20141214201603,DR14,5.66E-10
20141214224109,DR14,5.54E-10
20141215034037,DR14,3.06E-10
20141215034054,DR14,4.77E-10
20141215045348,DR14,1.07E-10
20141215052512,DR14,1.54E-10
20141215053849,DR14,8.64E-09
20141215054424,DR14,5.32E-10
20141215064036,DR14,8.38E-10
20141215065124,DR14,1.19E-10
20141215085410,DR14,9.45E-10
20141215111338,DR14,3.05E-10
20141215111519,DR14,4.93E-10
20141215124916,DR14,2.02E-10
20141215125242,DR14,1.38E-10
20141215135901,DR14,4.02E-10
20141215141933,DR14,1.54E-10
20141215150513,DR14,5.72E-10
20141215153014,DR14,1.91E-10
20141215163345,DR14,3.05E-10
20141215173215,DR14,8.96E-11
20141215200603,DR14,1.74E-10
20141216011414,DR14,2.44E-10
20141216021133,DR14,6.90E-10
20141216035553,DR14,4.13E-10
20141216041117,DR14,1.49E-10
20141216051330,DR14,1.69E-10
20141216071622,DR14,4.22E-10
20141216083509,DR14,3.47E-10
20141216092235,DR14,1.67E-10
20141216093259,DR14,2.05E-09
20141216110131,DR14,9.37E-10
20141216115057,DR14,2.00E-10
20141216115319,DR14,9.80E-09
20141216130207,DR14,3.19E-10
20141216150024,DR14,1.67E-10
20141216150924,DR14,2.33E-10
20141216153756,DR14,3.09E-10
20141216154825,DR14,6.62E-09
20141216165957,DR14,7.52E-10
20141216185109,DR14,2.56E-10
20141216201905,DR14,1.55E-10
20141216232742,DR14,1.99E-10
20141217000750,DR14,6.67E-10
20141217010100,DR14,2.19E-10
20141217060323,DR14,1.03E-09
20141217065410,DR14,5.30E-10
20141217091514,DR14,4.51E-10
20141217101655,DR14,3.36E-10
20141217123321,DR14,1.96E-10
20141217124906,DR14,3.26E-10
20141217134005,DR14,3.51E-10
20141217135313,DR14,1.86E-10
20141217140008,DR14,1.46E-10
20141217142051,DR14,1.96E-10
20141217142842,DR14,1.67E-10
20141217150053,DR14,1.61E-10
20141217150449,DR14,1.32E-10
20141217151410,DR14,2.94E-10
20141217152050,DR14,5.25E-09
20141217155502,DR14,1.10E-10
20141217160346,DR14,7.11E-10
20141217161400,DR14,4.44E-10
20141217161412,DR14,1.57E-10
20141217163340,DR14,4.75E-09
20141217173249,DR14,1.59E-10
20141217181338,DR14,4.28E-10
20141217185336,DR14,7.19E-10
20141217213333,DR14,2.34E-10
20141217224043,DR14,4.74E-10
20141218003111,DR14,2.70E-10
20141218030525,DR14,1.19E-09
20141218041905,DR14,1.28E-10
20141218041906,DR14,1.28E-10
20141218050631,DR14,3.17E-10
20141218062623,DR14,1.98E-10
20141218063009,DR14,1.38E-10
20141218065539,DR14,4.58E-10
20141218081023,DR14,2.04E-10
20141218082116,DR14,1.83E-10
20141218092838,DR14,1.14E-10
20141218094123,DR14,2.56E-10
20141218135106,DR14,2.12E-10
20141218144545,DR14,1.70E-10
20141218151827,DR14,6.77E-10
20141218152230,DR14,7.17E-10
20141218155636,DR14,6.62E-10
20141218155829,DR14,4.83E-10
20141218184557,DR14,1.28E-09
20141218221449,DR14,1.69E-10
20141218224747,DR14,2.43E-10
20141219020501,DR14,1.81E-09
20141219064148,DR14,4.64E-09
20141219084906,DR14,4.18E-09
20141219092027,DR14,2.16E-10
20141219103433,DR14,4.39E-10
20141219123230,DR14,4.32E-10
20141219142519,DR14,2.47E-10
20141219150043,DR14,9.11E-10
20141219161433,DR14,3.69E-10
20141219162459,DR14,2.41E-10
20141219220703,DR14,3.29E-10
20141220002127,DR14,2.45E-10
20141220011155,DR14,6.10E-10
20141220031524,DR14,1.29E-10
20141220070356,DR14,4.43E-10
20141220085114,DR14,1.56E-10
20141220085825,DR14,2.82E-10
20141220092311,DR14,1.08E-09
20141220103752,DR14,2.82E-10
20141220104438,DR14,5.79E-10
20141220144120,DR14,1.73E-10
20141220150616,DR14,4.94E-10
20141220151458,DR14,2.57E-10
20141220161205,DR14,5.26E-10
20141220162414,DR14,6.24E-10
20141220182617,DR14,1.53E-10
20141220185726,DR14,2.05E-10
20141220194141,DR14,3.85E-10
20141220201954,DR14,1.50E-09
20141221003034,DR14,6.37E-10
20141221014948,DR14,2.33E-10
20141221033947,DR14,3.99E-10
20141221062639,DR14,1.20E-09
20141221083543,DR14,1.11E-10
20141221095529,DR14,4.87E-10
20141221095531,DR14,4.87E-10
20141221102126,DR14,1.59E-10
20141221102432,DR14,1.80E-10
20141221112004,DR14,6.34E-10
20141221112934,DR14,2.70E-10
20141221115727,DR14,3.29E-10
20141221122148,DR14,8.30E-10
20141221132343,DR14,5.45E-09
20141221135346,DR14,2.12E-10
20141221141706,DR14,3.72E-10
20141221145503,DR14,1.80E-10
20141221161331,DR14,2.11E-10
20141221162825,DR14,3.22E-10
20141221170712,DR14,2.09E-10
20141221174731,DR14,2.60E-10
20141221175223,DR14,1.79E-10
20141221180510,DR14,1.39E-10
20141221181252,DR14,1.26E-10
20141221182812,DR14,1.71E-10
20141221193138,DR14,4.05E-10
20141221200031,DR14,7.06E-10
20141222044554,DR14,5.97E-10
20141222071036,DR14,1.85E-10
20141222071623,DR14,1.82E-10
20141222081847,DR14,5.28E-10
20141222082040,DR14,1.48E-10
20141222111125,DR14,3.10E-10
20141222111458,DR14,1.19E-10
20141222113350,DR14,1.87E-10
20141222122048,DR14,1.85E-10
20141222123340,DR14,1.42E-10
20141222123952,DR14,1.91E-10
20141222133709,DR14,8.48E-10
20141222135048,DR14,1.53E-10
20141222140447,DR14,4.62E-10
20141222140508,DR14,4.06E-10
20141222140647,DR14,1.16E-10
20141222140855,DR14,1.19E-09
20141222140911,DR14,1.57E-09
20141222140926,DR14,6.79E-10
20141222140934,DR14,4.62E-10
20141222140948,DR14,4.74E-10
20141222141000,DR14,2.40E-10
20141222142708,DR14,1.44E-10
20141222144607,DR14,5.21E-10
20141222144954,DR14,3.49E-10
20141222153415,DR14,5.50E-09
20141222161242,DR14,3.35E-10
20141222163442,DR14,2.02E-10
20141222165029,DR14,1.68E-10
20141222191611,DR14,1.59E-10
20141222200244,DR14,5.00E-10
20141222232502,DR14,2.75E-10
20141222232934,DR14,2.10E-10
20141223065222,DR14,1.86E-10
20141223065837,DR14,1.54E-10
20141223071644,DR14,2.37E-10
20141223071935,DR14,1.74E-10
20141223092830,DR14,4.83E-08
20141223092835,DR14,1.64E-09
20141223092910,DR14,5.82E-07
20141223092943,DR14,5.46E-07
20141223093055,DR14,7.21E-07
20141223093209,DR14,3.95E-07
20141223093323,DR14,3.78E-07
20141223093401,DR14,3.36E-07
20141223093428,DR14,6.03E-08
20141223093454,DR14,1.19E-09
20141223093459,DR14,7.73E-09
20141223121246,DR14,1.91E-10
20141223124155,DR14,1.28E-10
20141223131521,DR14,5.17E-10
20141223145544,DR14,1.06E-08
20141223161859,DR14,3.64E-09
20141223161914,DR14,4.52E-09
20141223162825,DR14,7.72E-10
20141223163654,DR14,1.72E-10
20141223171327,DR14,1.32E-10
20141223182417,DR14,1.48E-10
20141223184129,DR14,2.05E-10
20141223191607,DR14,3.36E-09
20141223191906,DR14,6.64E-10
20141223214037,DR14,4.10E-10
20141224002203,DR14,3.82E-10
20141224040141,DR14,1.72E-10
20141224055857,DR14,1.55E-10
20141224073532,DR14,1.98E-10
20141224074408,DR14,4.12E-10
20141224083024,DR14,2.38E-10
20141224120325,DR14,3.28E-10
20141224123100,DR14,1.50E-10
20141224130711,DR14,2.25E-10
20141224140137,DR14,4.79E-10
20141224140442,DR14,3.54E-10
20141224150036,DR14,2.07E-10
20141224150729,DR14,4.17E-10
20141224150956,DR14,2.83E-10
20141224154956,DR14,2.16E-10
20141224164454,DR14,4.86E-10
20141224164726,DR14,7.96E-10
20141224164731,DR14,2.30E-10
20141224171002,DR14,1.45E-10
20141224175503,DR14,1.00E-09
20141224181430,DR14,2.39E-09
20141224204134,DR14,2.27E-10
20141224211455,DR14,1.61E-10
20141224214243,DR14,8.05E-10
20141224222843,DR14,1.67E-10
20141225043454,DR14,1.93E-10
20141225044347,DR14,1.82E-10
20141225055023,DR14,1.67E-10
20141225055609,DR14,1.20E-10
20141225064410,DR14,3.48E-10
20141225064854,DR14,5.87E-10
20141225071104,DR14,3.70E-10
20141225085414,DR14,1.15E-10
20141225105917,DR14,2.75E-10
20141225125527,DR14,1.83E-10
20141225141215,DR14,1.91E-10
20141225150926,DR14,1.29E-09
20141225152716,DR14,1.29E-09
20141225173018,DR14,9.27E-09
20141225173030,DR14,3.43E-10
20141225184023,DR14,2.22E-10
20141225184800,DR14,1.33E-10
20141225191103,DR14,3.29E-10
20141225201124,DR14,2.17E-10
20141225203402,DR14,1.47E-10
20141225204151,DR14,3.68E-10
20141225222230,DR14,1.24E-10
20141226010612,DR14,9.84E-10
20141226012145,DR14,6.54E-10
20141226022646,DR14,7.59E-10
20141226024144,DR14,4.62E-10
20141226063544,DR14,2.82E-09
20141226064525,DR14,1.59E-10
20141226070808,DR14,4.08E-10
20141226090005,DR14,1.16E-09
20141226101651,DR14,1.18E-10
20141226101656,DR14,1.74E-10
20141226103858,DR14,3.37E-09
20141226103905,DR14,6.89E-10
20141226125653,DR14,2.82E-10
20141226145949,DR14,2.64E-10
20141226151328,DR14,1.55E-10
20141226151516,DR14,1.82E-09
20141226160227,DR14,1.19E-09
20141226161810,DR14,3.47E-10
20141226181137,DR14,1.23E-08
20141226181758,DR14,2.34E-10
20141226184358,DR14,3.57E-10
20141226192749,DR14,2.66E-09
20141226192814,DR14,3.40E-10
20141226192846,DR14,3.60E-10
20141226192938,DR14,4.06E-10
20141226193041,DR14,2.96E-10
20141226193211,DR14,3.38E-10
20141226193836,DR14,7.07E-10
20141226193845,DR14,5.84E-10
20141226193855,DR14,2.91E-10
20141226193910,DR14,1.74E-10
20141226194105,DR14,7.53E-10
20141226194120,DR14,2.46E-10
20141226194140,DR14,2.59E-10
20141226194223,DR14,1.96E-10
20141226194326,DR14,2.48E-10
20141226194428,DR14,4.99E-10
20141226194446,DR14,2.23E-10
20141226194505,DR14,1.61E-10
20141226194549,DR14,2.66E-10
20141226194702,DR14,4.62E-10
20141226194723,DR14,2.03E-10
20141226194739,DR14,6.05E-10
20141226194821,DR14,7.20E-09
20141226215547,DR14,5.63E-10
20141226230906,DR14,1.94E-10
20141227021354,DR14,1.75E-10
20141227030431,DR14,1.49E-10
20141227031523,DR14,4.02E-10
20141227063425,DR14,3.75E-10
20141227064051,DR14,2.09E-09
20141227080057,DR14,4.78E-10
20141227080911,DR14,2.97E-10
20141227120626,DR14,1.79E-10
20141227155102,DR14,2.23E-09
20141227163450,DR14,4.82E-10
20141227163814,DR14,1.32E-10
20141227164412,DR14,3.97E-10
20141227171646,DR14,3.92E-10
20141227190151,DR14,1.67E-10
20141227200029,DR14,1.98E-09
20141227224845,DR14,4.29E-10
20141228001901,DR14,2.23E-10
20141228003148,DR14,1.23E-09
20141228004809,DR14,2.65E-10
20141228035650,DR14,1.70E-10
20141228061308,DR14,1.86E-10
20141228095141,DR14,5.39E-10
20141228095825,DR14,6.02E-10
20141228131005,DR14,6.12E-10
20141228131011,DR14,1.54E-09
20141228144025,DR14,2.09E-10
20141228152308,DR14,1.42E-10
20141228185915,DR14,2.48E-10
20141228203212,DR14,7.71E-10
20141228210722,DR14,2.63E-10
20141228233224,DR14,5.72E-10
20141228234306,DR14,1.81E-10
20141229000130,DR14,1.10E-09
20141229004638,DR14,1.89E-10
20141229011014,DR14,2.25E-10
20141229015806,DR14,6.30E-10
20141229083759,DR14,8.17E-10
20141229083801,DR14,8.17E-10
20141229104155,DR14,2.83E-10
20141229121840,DR14,1.61E-10
20141229154806,DR14,2.99E-10
20141229164949,DR14,2.49E-10
20141229173931,DR14,3.88E-10
20141229203638,DR14,1.48E-10
20141229215707,DR14,1.47E-10
20141229230953,DR14,1.43E-10
20141229231959,DR14,1.71E-10
20141230035810,DR14,2.03E-10
20141230035853,DR14,2.64E-10
20141230061347,DR14,2.89E-10
20141230061706,DR14,2.31E-10
20141230091502,DR14,1.40E-10
20141230101844,DR14,1.86E-10
20141230102124,DR14,1.22E-10
20141230103251,DR14,8.21E-09
20141230121355,DR14,2.99E-10
20141230124231,DR14,1.82E-09
20141230124446,DR14,4.10E-10
20141230142852,DR14,2.37E-10
20141230152500,DR14,1.78E-09
20141230153310,DR14,3.90E-10
20141230153906,DR14,2.40E-10
20141230162142,DR14,9.07E-09
20141230163047,DR14,1.18E-10
20141230163955,DR14,1.21E-10
20141230170906,DR14,2.12E-10
20141230180500,DR14,5.97E-10
20141230200427,DR14,1.87E-10
20141230203658,DR14,3.29E-10
20141231002400,DR14,1.43E-10
20141231042541,DR14,3.73E-10
20141231042928,DR14,1.93E-10
20141231050823,DR14,1.75E-10
20141231054152,DR14,9.06E-10
20141231103404,DR14,1.59E-10
20141231113549,DR14,9.00E-11
20141231122533,DR14,1.97E-10
20141231155434,DR14,7.38E-10
20141231162531,DR14,1.05E-09
20141231164601,DR14,7.62E-10
20141231173655,DR14,2.48E-10
20141231183843,DR14,3.45E-10
20141231224019,DR14,1.24E-10
20150101010349,DR14,3.07E-10
20150101012154,DR14,1.64E-10
20150101024508,DR14,1.40E-10
20150101033829,DR14,1.82E-10
20150101042841,DR14,1.18E-10
20150101052224,DR14,8.69E-10
20150101110729,DR14,3.76E-10
20150101112044,DR14,3.76E-10
20150101115227,DR14,1.76E-10
20150101115353,DR14,2.91E-10
20150101130008,DR14,2.18E-10
20150101133349,DR14,2.00E-10
20150101135319,DR14,1.59E-10
20150101145547,DR14,1.52E-10
20150101145943,DR14,2.68E-10
20150101151229,DR14,4.11E-10
20150101151309,DR14,4.13E-10
20150101152844,DR14,5.02E-10
20150101154415,DR14,2.18E-10
20150101161541,DR14,1.32E-10
20150101165918,DR14,1.12E-09
20150101182251,DR14,7.45E-10
20150101182419,DR14,2.14E-10
20150101191053,DR14,1.44E-10
20150101191922,DR14,2.42E-10
20150101200759,DR14,2.13E-10
20150101211102,DR14,1.93E-10
20150101231840,DR14,1.30E-09
20150101233017,DR14,3.16E-10
20150102013146,DR14,2.51E-09
20150102095040,DR14,1.19E-10
20150102095852,DR14,1.55E-10
20150102103311,DR14,1.08E-09
20150102111513,DR14,1.70E-10
20150102113649,DR14,1.33E-10
20150102132154,DR14,5.41E-10
20150102132822,DR14,8.26E-09
20150102134505,DR14,2.90E-10
20150102141739,DR14,1.96E-10
20150102152637,DR14,3.58E-10
20150102152707,DR14,6.05E-10
20150102153847,DR14,1.90E-10
20150102171710,DR14,2.80E-10
20150102173345,DR14,1.04E-09
20150102175755,DR14,1.06E-09
20150102193318,DR14,3.73E-10
20150102210536,DR14,3.26E-10
20150102220223,DR14,2.84E-10
20150102233656,DR14,8.99E-10
20150103010447,DR14,1.05E-09
20150103023840,DR14,2.38E-10
20150103064113,DR14,2.11E-10
20150103075937,DR14,1.62E-10
20150103095007,DR14,2.02E-10
20150103095344,DR14,2.07E-10
20150103100217,DR14,3.83E-10
20150103102857,DR14,2.46E-10
20150103111006,DR14,3.82E-10
20150103115532,DR14,3.36E-10
20150103131249,DR14,1.53E-10
20150103133237,DR14,3.54E-09
20150103142410,DR14,2.47E-10
20150103145310,DR14,1.39E-10
20150103153326,DR14,3.29E-10
20150103153432,DR14,3.28E-10
20150103163213,DR14,1.43E-10
20150103164547,DR14,7.77E-10
20150103165001,DR14,6.59E-10
20150103172238,DR14,2.24E-10
20150103183024,DR14,2.22E-10
20150103192854,DR14,6.20E-10
20150103204337,DR14,3.70E-10
20150103211126,DR14,3.35E-10
20150103215342,DR14,1.49E-10
20150103230515,DR14,2.24E-10
20150104021408,DR14,7.13E-10
20150104022023,DR14,3.34E-10
20150104022032,DR14,3.08E-10
20150104081733,DR14,1.30E-10
20150104093740,DR14,5.64E-10
20150104112041,DR14,3.06E-10
20150104124900,DR14,7.61E-10
20150104130526,DR14,4.36E-09
20150104133602,DR14,5.57E-10
20150104141748,DR14,3.80E-10
20150104153326,DR14,6.18E-10
20150104180716,DR14,6.84E-10
20150104184905,DR14,2.13E-10
20150104215906,DR14,8.64E-11
20150104223848,DR14,3.23E-10
20150105061710,DR14,1.37E-09
20150105071610,DR14,1.59E-10
20150105080631,DR14,9.13E-10
20150105090347,DR14,2.57E-10
20150105093350,DR14,1.66E-10
20150105094652,DR14,6.00E-10
20150105104408,DR14,6.65E-10
20150105104418,DR14,2.13E-10
20150105104423,DR14,1.67E-10
20150105104435,DR14,3.47E-10
20150105113400,DR14,6.22E-09
20150105131159,DR14,3.60E-10
20150105135444,DR14,2.73E-10
20150105140110,DR14,1.45E-10
20150105141855,DR14,2.69E-10
20150105143332,DR14,1.71E-10
20150105154053,DR14,8.02E-09
20150105160234,DR14,8.04E-10
20150105165411,DR14,6.32E-10
20150105174911,DR14,5.84E-09
20150105183528,DR14,2.87E-10
20150105184112,DR14,3.51E-10
20150105195148,DR14,1.63E-10
20150105203536,DR14,9.85E-09
20150105231550,DR14,2.28E-10
20150106003952,DR14,4.02E-10
20150106011406,DR14,1.16E-10
20150106031825,DR14,1.19E-10
20150106042405,DR14,2.74E-10
20150106082853,DR14,1.86E-09
20150106084627,DR14,1.33E-10
20150106094736,DR14,1.50E-09
20150106104603,DR14,1.87E-10
20150106112439,DR14,1.85E-10
20150106122636,DR14,2.30E-10
20150106131050,DR14,1.69E-10
20150106131934,DR14,5.11E-10
20150106133056,DR14,7.21E-10
20150106134839,DR14,4.06E-10
20150106140931,DR14,5.62E-10
20150106142809,DR14,2.26E-09
20150106143423,DR14,1.89E-10
20150106145455,DR14,3.52E-10
20150106155450,DR14,1.75E-10
20150106170414,DR14,2.99E-10
20150106181726,DR14,1.45E-10
20150106185634,DR14,1.39E-10
20150106191859,DR14,2.66E-10
20150106193337,DR14,6.86E-10
20150106202102,DR14,3.09E-10
20150106232602,DR14,2.41E-10
20150107032234,DR14,1.66E-10
20150107035802,DR14,2.69E-10
20150107050152,DR14,4.71E-10
20150107054540,DR14,4.17E-10
20150107061042,DR14,2.62E-10
20150107080422,DR14,2.66E-10
20150107111652,DR14,3.81E-10
20150107144732,DR14,2.73E-10
20150107164642,DR14,1.88E-09
20150107172753,DR14,6.41E-10
20150107185334,DR14,2.39E-10
20150107192157,DR14,1.83E-10
20150107194119,DR14,1.81E-10
20150107194428,DR14,2.17E-10
20150107203046,DR14,2.18E-10
20150107211148,DR14,1.55E-10
20150107214059,DR14,2.90E-09
20150107214913,DR14,3.77E-10
20150108002125,DR14,1.99E-10
20150108021438,DR14,1.83E-10
20150108024330,DR14,3.23E-10
20150108030429,DR14,1.22E-10
20150108035822,DR14,1.62E-10
20150108041904,DR14,2.36E-10
20150108044100,DR14,2.35E-10
20150108045713,DR14,3.96E-10
20150108045903,DR14,2.75E-10
20150108050234,DR14,1.47E-10
20150108054041,DR14,2.42E-10
20150108061658,DR14,2.76E-10
20150108080136,DR14,1.72E-10
20150108084619,DR14,4.90E-10
20150108092721,DR14,2.33E-10
20150108104949,DR14,1.47E-10
20150108113650,DR14,6.91E-10
20150108135305,DR14,6.73E-10
20150108145019,DR14,3.54E-10
20150108153010,DR14,3.15E-10
20150108161124,DR14,2.40E-10
20150108172418,DR14,1.23E-10
20150108193921,DR14,2.80E-10
20150108212810,DR14,3.04E-10
20150109003530,DR14,1.04E-09
20150109005051,DR14,3.90E-10
20150109054317,DR14,2.33E-10
20150109094107,DR14,4.19E-10
20150109112200,DR14,7.39E-09
20150109115742,DR14,2.72E-10
20150109130041,DR14,1.67E-10
20150109134823,DR14,6.27E-10
20150109145740,DR14,1.94E-10
20150109163235,DR14,3.36E-10
20150109172637,DR14,4.81E-10
20150109173014,DR14,2.15E-10
20150109180456,DR14,1.01E-09
20150109213343,DR14,4.23E-10
20150109222447,DR14,3.63E-10
20150110013752,DR14,3.37E-10
20150110014340,DR14,3.64E-10
20150110015450,DR14,5.35E-10
20150110015454,DR14,5.35E-10
20150110023202,DR14,3.39E-10
20150110034033,DR14,2.31E-09
20150110035616,DR14,1.57E-10
20150110044605,DR14,3.42E-10
20150110051223,DR14,4.98E-10
20150110054718,DR14,1.02E-09
20150110074532,DR14,2.29E-10
20150110113509,DR14,1.47E-09
20150110114413,DR14,8.30E-09
20150110115344,DR14,3.30E-10
20150110121614,DR14,2.14E-10
20150110122818,DR14,6.02E-09
20150110142116,DR14,2.56E-10
20150110144057,DR14,7.19E-10
20150110150417,DR14,1.54E-10
20150110163453,DR14,1.01E-09
20150110170814,DR14,9.01E-10
20150110173630,DR14,3.08E-10
20150110190406,DR14,1.86E-10
20150110202950,DR14,3.58E-10
20150110202954,DR14,1.71E-09
20150110203012,DR14,4.05E-10
20150110225030,DR14,3.26E-10
20150110232332,DR14,4.68E-10
20150110235627,DR14,2.34E-10
20150111013500,DR14,3.39E-10
20150111025019,DR14,3.76E-10
20150111025026,DR14,1.75E-10
20150111043152,DR14,5.36E-10
20150111051737,DR14,1.93E-10
20150111085632,DR14,3.33E-09
20150111102020,DR14,2.25E-10
20150111105720,DR14,4.04E-10
20150111111736,DR14,4.58E-10
20150111142233,DR14,2.08E-10
20150111160102,DR14,2.10E-10
20150111162649,DR14,2.53E-10
20150111190531,DR14,5.59E-10
20150111203450,DR14,1.45E-09
20150111213434,DR14,3.50E-10
20150111214320,DR14,2.10E-10
20150111215026,DR14,3.44E-10
20150111215052,DR14,1.69E-08
20150111215941,DR14,3.82E-08
20150111224425,DR14,6.80E-10
20150111230210,DR14,2.15E-10
20150112003447,DR14,3.08E-10
20150112014303,DR14,5.29E-09
20150112031403,DR14,1.48E-10
20150112040455,DR14,3.26E-10
20150112042441,DR14,1.23E-09
20150112051815,DR14,2.79E-10
20150112055404,DR14,2.31E-10
20150112055739,DR14,1.40E-10
20150112055740,DR14,1.40E-10
20150112075527,DR14,2.10E-10
20150112082741,DR14,1.09E-10
20150112090503,DR14,1.96E-10
20150112095324,DR14,5.24E-10
20150112102346,DR14,1.96E-10
20150112115047,DR14,6.84E-10
20150112143517,DR14,1.43E-10
20150112145041,DR14,6.18E-09
20150112163807,DR14,1.78E-10
20150112165906,DR14,1.93E-09
20150112172947,DR14,1.57E-10
20150112174822,DR14,1.67E-10
20150112221922,DR14,4.80E-10
20150113022200,DR14,4.33E-10
20150113023116,DR14,1.81E-10
20150113081226,DR14,3.00E-10
20150113123102,DR14,6.70E-10
20150113125735,DR14,6.29E-10
20150113150439,DR14,1.81E-09
20150113152439,DR14,1.93E-10
20150113154117,DR14,1.42E-10
20150113162314,DR14,1.49E-10
20150113162437,DR14,7.13E-10
20150113164647,DR14,1.32E-10
20150113190731,DR14,1.25E-10
20150113193309,DR14,4.48E-09
20150113195016,DR14,2.23E-10
20150113200315,DR14,2.19E-10
20150113234754,DR14,5.70E-10
20150114011428,DR14,2.26E-09
20150114014509,DR14,7.15E-10
20150114024714,DR14,6.17E-10
20150114032641,DR14,1.50E-10
20150114033043,DR14,8.17E-10
20150114041112,DR14,2.00E-10
20150114071749,DR14,1.45E-10
20150114073628,DR14,2.02E-10
20150114074303,DR14,2.43E-10
20150114075110,DR14,5.86E-10
20150114084920,DR14,5.58E-10
20150114092346,DR14,3.48E-10
20150114105748,DR14,4.23E-10
20150114110745,DR14,2.58E-10
20150114113926,DR14,1.69E-10
20150114114626,DR14,7.50E-10
20150114135536,DR14,5.20E-10
20150114141148,DR14,1.37E-10
20150114141711,DR14,2.01E-09
20150114175919,DR14,1.95E-10
20150114190235,DR14,2.84E-10
20150114193158,DR14,7.48E-10
20150114194905,DR14,1.76E-10
20150114222743,DR14,1.95E-10
20150115024446,DR14,3.03E-10
20150115062027,DR14,1.64E-10
20150115063714,DR14,3.03E-10
20150115064329,DR14,1.34E-09
20150115065554,DR14,2.54E-10
20150115124313,DR14,2.06E-10
20150115124749,DR14,1.78E-10
20150115125739,DR14,1.83E-10
20150115135311,DR14,2.20E-10
20150115140804,DR14,2.39E-09
20150115141636,DR14,1.22E-10
20150115164320,DR14,1.20E-10
20150115171459,DR14,4.22E-10
20150115182355,DR14,3.30E-10
20150115201657,DR14,1.96E-10
20150115203326,DR14,2.14E-10
20150115222625,DR14,8.01E-10
20150115231723,DR14,4.28E-09
20150116015155,DR14,1.43E-10
20150116020625,DR14,1.06E-09
20150116034923,DR14,2.41E-10
20150116041811,DR14,2.18E-10
20150116043409,DR14,1.80E-10
20150116044009,DR14,7.83E-10
20150116052344,DR14,1.99E-10
20150116053241,DR14,1.08E-08
20150116060603,DR14,2.79E-10
20150116101740,DR14,1.60E-10
20150116103949,DR14,2.18E-10
20150116105603,DR14,1.78E-10
20150116110112,DR14,6.01E-10
20150116112245,DR14,3.13E-09
20150116120557,DR14,2.26E-10
20150116122408,DR14,1.71E-10
20150116135921,DR14,4.96E-10
20150116143908,DR14,3.37E-10
20150116144523,DR14,3.60E-10
20150116161817,DR14,4.86E-10
20150116221341,DR14,1.58E-10
20150116223451,DR14,6.16E-10
20150116230352,DR14,2.95E-10
20150117000330,DR14,2.16E-10
20150117001129,DR14,2.91E-10
20150117073841,DR14,2.11E-10
20150117120204,DR14,2.17E-10
20150117120946,DR14,4.49E-10
20150117123624,DR14,2.25E-09
20150117125652,DR14,3.70E-10
20150117133923,DR14,4.74E-10
20150117140148,DR14,2.54E-10
20150117145615,DR14,4.25E-10
20150117152102,DR14,2.61E-10
20150117160032,DR14,3.47E-10
20150117162415,DR14,3.46E-10
20150117165106,DR14,3.36E-10
20150117170529,DR14,2.92E-10
20150117170553,DR14,4.95E-10
20150117173849,DR14,5.83E-10
20150117205255,DR14,6.86E-10
20150117221623,DR14,9.37E-10
20150118023308,DR14,3.95E-10
20150118034119,DR14,2.56E-10
20150118041048,DR14,1.79E-10
20150118044051,DR14,1.74E-10
20150118050107,DR14,6.12E-10
20150118052723,DR14,3.18E-10
20150118104752,DR14,2.48E-10
20150118110408,DR14,3.50E-10
20150118120846,DR14,1.25E-09
20150118140909,DR14,2.80E-10
20150118141123,DR14,4.30E-10
20150118141925,DR14,5.37E-10
20150118144430,DR14,2.17E-09
20150118151615,DR14,3.84E-10
20150118160454,DR14,1.40E-09
20150118160537,DR14,7.79E-09
20150118171125,DR14,3.65E-10
20150118172006,DR14,3.92E-09
20150118200521,DR14,1.15E-09
20150118224932,DR14,3.46E-09
20150119025335,DR14,3.37E-10
20150119075738,DR14,5.26E-10
20150119085942,DR14,2.40E-09
20150119093512,DR14,2.87E-10
20150119121156,DR14,2.87E-10
20150119135041,DR14,6.83E-10
20150119140802,DR14,5.30E-10
20150119141921,DR14,3.34E-10
20150119152651,DR14,1.19E-09
20150119154516,DR14,5.82E-10
20150119155428,DR14,3.21E-10
20150119155758,DR14,9.04E-10
20150119155825,DR14,2.80E-10
20150119161435,DR14,5.88E-10
20150119170126,DR14,3.49E-10
20150119171818,DR14,2.59E-10
20150119182155,DR14,5.51E-10
20150119231443,DR14,5.97E-09
20150120010416,DR14,2.44E-10
20150120025337,DR14,2.53E-10
20150120034234,DR14,3.02E-10
20150120051531,DR14,1.63E-10
20150120063736,DR14,1.57E-10
20150120084450,DR14,1.33E-10
20150120092705,DR14,3.13E-10
20150120110159,DR14,1.39E-10
20150120113825,DR14,2.70E-10
20150120130711,DR14,1.46E-10
20150120145533,DR14,1.07E-10
20150120151438,DR14,1.29E-10
20150120152518,DR14,2.13E-10
20150120154807,DR14,1.84E-10
20150120160326,DR14,1.50E-10
20150120170932,DR14,8.04E-10
20150120172726,DR14,1.40E-10
20150120185044,DR14,1.08E-09
20150120193546,DR14,1.10E-09
20150120214601,DR14,1.43E-10
20150120215110,DR14,2.11E-10
20150120223032,DR14,2.33E-10
20150121010815,DR14,2.75E-10
20150121024208,DR14,1.83E-10
20150121040804,DR14,1.59E-10
20150121040828,DR14,8.05E-10
20150121043909,DR14,6.24E-10
20150121050537,DR14,3.91E-10
20150121051733,DR14,5.30E-10
20150121051928,DR14,1.99E-10
20150121055905,DR14,2.50E-10
20150121061237,DR14,2.49E-10
20150121100255,DR14,1.45E-10
20150121113142,DR14,1.57E-10
20150121121750,DR14,1.25E-10
20150121133035,DR14,3.39E-09
20150121134333,DR14,1.85E-10
20150121134709,DR14,2.30E-10
20150121134925,DR14,7.92E-10
20150121140413,DR14,1.40E-10
20150121142041,DR14,2.43E-10
20150121143312,DR14,4.50E-10
20150121150214,DR14,1.93E-10
20150121151331,DR14,1.88E-10
20150121151405,DR14,1.41E-10
20150121153746,DR14,4.72E-10
20150121162742,DR14,2.38E-10
20150121163454,DR14,5.44E-10
20150121163940,DR14,2.13E-10
20150121184610,DR14,2.05E-10
20150121185734,DR14,7.59E-10
20150121192027,DR14,1.70E-10
20150121201310,DR14,3.66E-10
20150121201357,DR14,1.45E-10
20150121204755,DR14,3.57E-10
20150121214318,DR14,4.66E-10
20150121225605,DR14,1.55E-10
20150122022445,DR14,5.46E-10
20150122025605,DR14,6.43E-10
20150122061329,DR14,2.44E-10
20150122080337,DR14,1.53E-08
20150122103531,DR14,1.57E-09
20150122114834,DR14,5.16E-10
20150122151056,DR14,4.46E-10
20150122153438,DR14,2.79E-10
20150122163711,DR14,3.18E-10
20150122165907,DR14,1.64E-10
20150122180232,DR14,2.15E-10
20150122185326,DR14,1.47E-10
20150122185441,DR14,7.07E-10
20150122194642,DR14,1.76E-10
20150122194717,DR14,9.40E-10
20150123020847,DR14,3.33E-10
20150123033520,DR14,1.62E-09
20150123035722,DR14,2.85E-10
20150123040242,DR14,2.55E-10
20150123074318,DR14,1.80E-10
20150123103721,DR14,2.93E-10
20150123110445,DR14,1.22E-10
20150123115519,DR14,1.89E-10
20150123134751,DR14,2.25E-10
20150123142125,DR14,1.85E-10
20150123143012,DR14,1.98E-10
20150123154355,DR14,2.34E-10
20150123164417,DR14,2.04E-10
20150123170632,DR14,2.29E-10
20150123175413,DR14,2.03E-09
20150123185341,DR14,1.20E-08
20150123191004,DR14,2.35E-10
20150123194541,DR14,1.63E-10
20150123200508,DR14,1.14E-10
20150123202638,DR14,3.47E-10
20150123203253,DR14,1.77E-10
20150123203822,DR14,3.86E-10
20150123205910,DR14,8.30E-10
20150123210915,DR14,3.35E-10
20150123211006,DR14,7.07E-10
20150123212006,DR14,2.37E-10
20150123214836,DR14,1.62E-10
20150123215946,DR14,1.78E-10
20150123221151,DR14,8.22E-10
20150123224429,DR14,2.08E-09
20150123224509,DR14,2.94E-10
20150124005633,DR14,2.78E-10
20150124024250,DR14,2.18E-08
20150124024254,DR14,1.60E-09
20150124024331,DR14,7.28E-07
20150124025835,DR14,1.56E-09
20150124025843,DR14,2.06E-08
20150124072818,DR14,1.12E-09
20150124103208,DR14,1.90E-10
20150124111816,DR14,2.54E-10
20150124161234,DR14,2.45E-10
20150124195419,DR14,2.83E-10
20150124195957,DR14,8.52E-10
20150124212618,DR14,6.98E-10
20150124224100,DR14,1.08E-09
20150124232202,DR14,4.03E-10
20150125004625,DR14,2.41E-10
20150125034656,DR14,4.59E-10
20150125051737,DR14,1.99E-09
20150125052024,DR14,2.72E-10
20150125052353,DR14,2.35E-10
20150125070147,DR14,6.05E-10
20150125130455,DR14,2.05E-10
20150125135116,DR14,2.16E-09
20150125155316,DR14,1.75E-10
20150125211019,DR14,6.83E-10
20150125212304,DR14,1.48E-10
20150126054710,DR14,5.17E-10
20150126095558,DR14,3.19E-10
20150126113927,DR14,1.03E-09
20150126115757,DR14,1.59E-10
20150126131901,DR14,3.82E-10
20150126151822,DR14,3.07E-09
20150126152643,DR14,1.31E-10
20150126162156,DR14,1.49E-10
20150126235540,DR14,1.49E-10
20150127002527,DR14,2.05E-10
20150127004624,DR14,6.83E-10
20150127011614,DR14,2.38E-10
20150127021144,DR14,7.81E-10
20150127102936,DR14,1.48E-10
20150127110218,DR14,3.51E-09
20150127120441,DR14,1.67E-10
20150127130439,DR14,4.58E-10
20150127153430,DR14,5.10E-10
20150127155514,DR14,2.18E-09
20150127212245,DR14,1.72E-10
20150127213337,DR14,4.08E-10
20150127223219,DR14,3.10E-09
20150128033159,DR14,5.72E-10
20150128055635,DR14,2.46E-10
20150128064203,DR14,3.34E-10
20150128132903,DR14,2.04E-10
20150128134807,DR14,3.14E-10
20150128134930,DR14,3.46E-10
20150128150003,DR14,6.85E-07
20150128150035,DR14,6.82E-07
20150128150147,DR14,7.06E-07
20150128150302,DR14,4.89E-07
20150128150414,DR14,4.25E-07
20150128150451,DR14,3.41E-07
20150128150518,DR14,4.18E-08
20150128150549,DR14,8.47E-09
20150128151904,DR14,9.80E-10
20150128155115,DR14,1.23E-08
20150128163208,DR14,9.33E-10
20150128184345,DR14,1.04E-09
20150128220615,DR14,1.56E-09
20150129010856,DR14,9.45E-10
20150129053619,DR14,1.97E-10
20150129061537,DR14,3.35E-10
20150129090458,DR14,6.30E-10
20150129105024,DR14,2.84E-10
20150129112355,DR14,6.15E-09
20150129112555,DR14,2.06E-10
20150129113150,DR14,5.89E-10
20150129145021,DR14,2.58E-10
20150129145127,DR14,3.15E-10
20150129152716,DR14,7.02E-10
20150129154249,DR14,1.60E-10
20150129154531,DR14,1.16E-09
20150129155045,DR14,7.54E-10
20150129162302,DR14,2.41E-10
20150129162309,DR14,3.37E-10
20150129194529,DR14,3.14E-10
20150129214533,DR14,2.82E-10
20150130013915,DR14,1.82E-10
20150130015646,DR14,1.70E-10
20150130020309,DR14,9.69E-10
20150130025931,DR14,1.62E-10
20150130055931,DR14,4.15E-09
20150130060940,DR14,8.95E-10
20150130072130,DR14,7.02E-10
20150130124451,DR14,2.22E-10
20150130134958,DR14,1.59E-10
20150130143233,DR14,1.64E-10
20150130144509,DR14,1.47E-08
20150130153243,DR14,1.92E-10
20150130153507,DR14,2.68E-10
20150130161044,DR14,1.33E-09
20150130163845,DR14,1.39E-10
20150130164429,DR14,6.31E-10
20150130181132,DR14,3.79E-10
20150130183133,DR14,1.31E-09
20150130183140,DR14,2.58E-09
20150130185624,DR14,1.78E-10
20150131053828,DR14,2.25E-10
20150131064351,DR14,8.38E-10
20150131065553,DR14,2.73E-10
20150131074830,DR14,2.68E-10
20150131104841,DR14,1.64E-10
20150131113836,DR14,1.73E-09
20150131135718,DR14,1.55E-10
20150131144832,DR14,2.17E-10
20150131145248,DR14,1.12E-10
20150131150738,DR14,2.28E-10
20150131151642,DR14,1.52E-10
20150131152156,DR14,3.13E-10
20150131152203,DR14,2.30E-10
20150131153740,DR14,2.21E-10
20150131153904,DR14,3.02E-10
20150131155013,DR14,2.42E-10
20150131155419,DR14,1.48E-10
20150131160329,DR14,2.43E-10
20150131163309,DR14,5.36E-09
20150131164830,DR14,1.34E-09
20150131170619,DR14,4.42E-09
20150131171341,DR14,1.27E-10
20150131183334,DR14,1.54E-10
20150131214037,DR14,1.65E-10
20150131233411,DR14,1.55E-10
20150201003959,DR14,1.63E-10
20150201091525,DR14,1.36E-10
20150201101521,DR14,1.63E-10
20150201125553,DR14,1.41E-10
20150201143521,DR14,9.19E-10
20150201153300,DR14,1.70E-10
20150201154222,DR14,1.45E-10
20150201155352,DR14,9.64E-09
20150201160345,DR14,1.97E-10
20150201163226,DR14,2.59E-10
20150201171618,DR14,3.08E-10
20150201181631,DR14,3.70E-10
20150201182701,DR14,5.61E-10
20150201182842,DR14,2.33E-10
20150201191858,DR14,3.57E-10
20150201201649,DR14,2.77E-10
20150201201700,DR14,4.33E-10
20150201201721,DR14,2.45E-10
20150201203801,DR14,6.32E-10
20150201210947,DR14,4.94E-10
20150201220152,DR14,9.59E-10
20150201223840,DR14,1.63E-10
20150202025840,DR14,2.44E-10
20150202051541,DR14,1.13E-10
20150202054859,DR14,1.88E-10
20150202063405,DR14,4.30E-10
20150202100707,DR14,1.79E-10
20150202102851,DR14,2.36E-10
20150202134513,DR14,1.21E-10
20150202144108,DR14,1.33E-08
20150202144257,DR14,1.81E-10
20150202151054,DR14,4.84E-10
20150202151058,DR14,4.84E-10
20150202155302,DR14,3.16E-10
20150202161649,DR14,3.93E-10
20150202162338,DR14,3.01E-10
20150202163550,DR14,2.19E-10
20150202170737,DR14,1.66E-10
20150202173248,DR14,1.64E-10
20150203022414,DR14,4.85E-10
20150203041305,DR14,1.52E-10
20150203060207,DR14,1.39E-10
20150203061505,DR14,6.88E-10
20150203075529,DR14,4.22E-10
20150203104009,DR14,1.72E-10
20150203121355,DR14,2.43E-10
20150203150623,DR14,2.14E-10
20150203160419,DR14,5.30E-10
20150203162243,DR14,2.21E-10
20150203162248,DR14,2.62E-10
20150203163335,DR14,2.49E-10
20150203163723,DR14,1.92E-10
20150203173140,DR14,2.37E-10
20150203173549,DR14,1.87E-10
20150203174025,DR14,3.51E-10
20150203191318,DR14,1.06E-08
20150203200606,DR14,3.56E-10
20150203224252,DR14,1.87E-09
20150203232650,DR14,3.13E-10
20150203235117,DR14,6.52E-09
20150204043108,DR14,5.14E-10
20150204050015,DR14,3.68E-10
20150204073631,DR14,6.48E-10
20150204074055,DR14,3.28E-10
20150204111127,DR14,1.99E-10
20150204125639,DR14,2.67E-10
20150204143625,DR14,1.84E-10
20150204154629,DR14,1.44E-10
20150204161607,DR14,2.61E-10
20150204210841,DR14,2.06E-10
20150204212811,DR14,2.26E-10
20150205001703,DR14,8.30E-10
20150205001750,DR14,1.97E-10
20150205064433,DR14,3.43E-10
20150205101325,DR14,3.23E-10
20150205125620,DR14,6.30E-10
20150205131008,DR14,3.01E-10
20150205155159,DR14,1.11E-09
20150205161943,DR14,1.34E-09
20150205184326,DR14,9.39E-10
20150205191621,DR14,1.01E-09
20150205191917,DR14,7.57E-10
20150205192946,DR14,8.78E-10
20150205193957,DR14,1.39E-09
20150205194623,DR14,6.23E-09
20150205211052,DR14,1.29E-09
20150205213042,DR14,1.06E-09
20150205214026,DR14,8.56E-10
20150205224037,DR14,1.19E-09
20150206021415,DR14,1.25E-09
20150206060547,DR14,6.38E-10
20150206061359,DR14,1.41E-09
20150206165250,DR14,3.07E-10
20150206195915,DR14,7.25E-10
20150206200904,DR14,3.78E-09
20150206213626,DR14,2.12E-10
20150206225253,DR14,3.14E-09
20150206231357,DR14,4.80E-10
20150207023045,DR14,2.23E-10
20150207053506,DR14,7.02E-10
20150207115932,DR14,2.46E-10
20150207141752,DR14,1.67E-09
20150207144708,DR14,3.28E-10
20150207164849,DR14,4.04E-10
20150207174832,DR14,4.26E-10
20150207175425,DR14,2.65E-10
20150208015458,DR14,6.58E-10
20150208022820,DR14,3.23E-10
20150208023539,DR14,2.91E-10
20150208060247,DR14,5.91E-10
20150208082733,DR14,3.24E-10
20150208083857,DR14,1.91E-09
20150208090755,DR14,1.82E-10
20150208115351,DR14,1.97E-09
20150208122837,DR14,3.35E-10
20150208135145,DR14,2.60E-09
20150208150952,DR14,3.30E-10
20150208161136,DR14,3.89E-10
20150208164619,DR14,1.95E-08
20150208181122,DR14,5.21E-10
20150208181715,DR14,3.17E-10
20150208192719,DR14,1.29E-10
20150208224606,DR14,1.75E-10
20150209034949,DR14,1.13E-09
20150209053107,DR14,2.78E-10
20150209063902,DR14,2.28E-10
20150209064309,DR14,1.66E-10
20150209084748,DR14,2.03E-10
20150209130304,DR14,1.98E-10
20150209133818,DR14,2.45E-10
20150209154729,DR14,2.16E-10
20150209162525,DR14,1.42E-10
20150209200855,DR14,3.64E-10
20150209222300,DR14,2.80E-10
20150210031746,DR14,6.20E-10
20150210041326,DR14,1.51E-10
20150210064852,DR14,1.24E-08
20150210072612,DR14,3.00E-10
20150210091709,DR14,8.98E-10
20150210095642,DR14,2.61E-10
20150210102015,DR14,2.89E-10
20150210123110,DR14,1.74E-10
20150210124102,DR14,4.87E-10
20150210132038,DR14,1.45E-10
20150210143148,DR14,4.40E-10
20150210143409,DR14,1.05E-09
20150210152703,DR14,3.39E-10
20150210184223,DR14,3.15E-09
20150210185203,DR14,4.70E-10
20150210215553,DR14,5.48E-10
20150211044012,DR14,2.13E-10
20150211061459,DR14,6.04E-10
20150211071812,DR14,2.62E-10
20150211131216,DR14,3.38E-10
20150211140353,DR14,3.07E-10
20150211184321,DR14,2.90E-10
20150211221340,DR14,1.36E-09
20150211231841,DR14,3.33E-10
20150212010935,DR14,2.45E-10
20150212040153,DR14,1.94E-10
20150212061246,DR14,4.12E-10
20150212085811,DR14,1.03E-09
20150212095459,DR14,1.55E-10
20150212110624,DR14,2.97E-10
20150212111734,DR14,3.11E-10
20150212113958,DR14,9.13E-10
20150212121139,DR14,4.26E-10
20150212123759,DR14,6.26E-10
20150212130153,DR14,1.86E-10
20150212131337,DR14,2.52E-10
20150212135456,DR14,1.54E-09
20150212135522,DR14,2.48E-10
20150212151357,DR14,3.66E-10
20150212152802,DR14,5.55E-10
20150212155424,DR14,1.89E-10
20150212155600,DR14,2.13E-10
20150212155719,DR14,3.53E-10
20150212161729,DR14,4.17E-10
20150212162440,DR14,2.02E-10
20150212165333,DR14,1.65E-10
20150212165430,DR14,3.82E-10
20150212171609,DR14,7.18E-10
20150212182550,DR14,2.45E-10
20150212183317,DR14,2.83E-10
20150212191451,DR14,1.94E-10
20150212215039,DR14,2.13E-10
20150213021950,DR14,2.86E-10
20150213040141,DR14,1.08E-09
20150213072950,DR14,1.51E-10
20150213133558,DR14,1.25E-08
20150213134723,DR14,4.98E-10
20150213135217,DR14,1.05E-10
20150213180620,DR14,2.73E-10
20150213180624,DR14,1.92E-10
20150213185725,DR14,7.35E-10
20150213204537,DR14,1.10E-10
20150214020406,DR14,5.69E-10
20150214034919,DR14,2.28E-10
20150214060347,DR14,3.52E-10
20150214060759,DR14,2.92E-10
20150214072909,DR14,1.96E-09
20150214084134,DR14,3.15E-09
20150214085043,DR14,4.25E-09
20150214092318,DR14,4.26E-10
20150214113216,DR14,3.87E-10
20150214122353,DR14,2.37E-10
20150214122732,DR14,9.71E-10
20150214123955,DR14,6.99E-10
20150214170005,DR14,4.76E-10
20150214171525,DR14,1.78E-10
20150214180501,DR14,3.66E-10
20150215025122,DR14,2.34E-10
20150215050658,DR14,3.54E-10
20150215065602,DR14,9.42E-10
20150215065801,DR14,1.28E-10
20150215083422,DR14,1.55E-10
20150215085528,DR14,1.67E-10
20150215093512,DR14,4.37E-09
20150215093813,DR14,1.54E-09
20150215102744,DR14,3.24E-10
20150215113729,DR14,1.18E-09
20150215115245,DR14,1.67E-09
20150215162138,DR14,7.12E-10
20150215164826,DR14,3.76E-10
20150215174847,DR14,7.05E-10
20150215183536,DR14,3.30E-10
20150215195416,DR14,4.76E-10
20150215220005,DR14,2.08E-10
20150215221849,DR14,8.46E-10
20150216010917,DR14,5.28E-10
20150216011641,DR14,2.49E-10
20150216044644,DR14,4.43E-10
20150216075926,DR14,5.74E-10
20150216090934,DR14,3.93E-09
20150216091234,DR14,3.69E-10
20150216091738,DR14,5.66E-10
20150216101524,DR14,1.14E-10
20150216102630,DR14,2.12E-10
20150216111600,DR14,2.10E-10
20150216112410,DR14,2.82E-10
20150216120920,DR14,4.67E-10
20150216121620,DR14,1.12E-10
20150216123911,DR14,2.32E-10
20150216124857,DR14,1.65E-10
20150216125408,DR14,3.59E-10
20150216125952,DR14,1.59E-10
20150216130201,DR14,1.27E-10
20150216130414,DR14,8.76E-09
20150216130423,DR14,3.39E-10
20150216130820,DR14,1.52E-10
20150216131451,DR14,3.34E-10
20150216131800,DR14,2.15E-10
20150216132238,DR14,1.80E-10
20150216132404,DR14,6.75E-09
20150216134558,DR14,3.40E-10
20150216135755,DR14,4.57E-10
20150216140509,DR14,1.84E-10
20150216140532,DR14,1.28E-10
20150216140928,DR14,1.19E-08
20150216140946,DR14,2.19E-10
20150216142443,DR14,3.61E-10
20150216142502,DR14,3.62E-10
20150216142753,DR14,6.01E-10
20150216143029,DR14,7.83E-10
20150216143512,DR14,2.09E-10
20150216145347,DR14,2.41E-10
20150216151814,DR14,1.47E-10
20150216152039,DR14,2.73E-09
20150216160231,DR14,2.20E-10
20150216161656,DR14,7.22E-10
20150216165842,DR14,5.27E-10
20150216171327,DR14,1.91E-10
20150216171623,DR14,1.36E-10
20150216174917,DR14,4.74E-10
20150216183918,DR14,1.60E-10
20150216201536,DR14,2.77E-10
20150216201834,DR14,5.97E-10
20150216204624,DR14,1.70E-10
20150216210000,DR14,2.72E-10
20150216221327,DR14,4.59E-10
20150216223645,DR14,8.87E-10
20150217001542,DR14,1.66E-10
20150217015828,DR14,1.37E-10
20150217023340,DR14,3.68E-10
20150217034216,DR14,3.24E-10
20150217050503,DR14,3.35E-10
20150217051625,DR14,2.51E-10
20150217094406,DR14,3.53E-10
20150217120738,DR14,2.16E-09
20150217133133,DR14,1.32E-09
20150217133304,DR14,3.90E-10
20150217134239,DR14,2.27E-09
20150217140556,DR14,3.67E-10
20150217144824,DR14,2.41E-10
20150217200504,DR14,3.40E-08
20150217201612,DR14,1.74E-10
20150217232703,DR14,2.38E-10
20150218002440,DR14,4.74E-09
20150218002445,DR14,1.62E-09
20150218002521,DR14,8.36E-07
20150218002554,DR14,7.49E-07
20150218002706,DR14,8.72E-07
20150218002819,DR14,4.60E-07
20150218002931,DR14,4.21E-07
20150218003005,DR14,3.23E-07
20150218003034,DR14,3.95E-08
20150218003104,DR14,5.61E-09
20150218054624,DR14,2.85E-10
20150218074009,DR14,9.03E-10
20150218080509,DR14,1.86E-10
20150218083248,DR14,1.84E-10
20150218104844,DR14,1.71E-10
20150218140923,DR14,6.10E-10
20150218143747,DR14,1.71E-10
20150218155618,DR14,1.00E-10
20150218162838,DR14,1.96E-10
20150218165246,DR14,1.36E-09
20150218165732,DR14,1.84E-10
20150218170534,DR14,1.75E-10
20150218180514,DR14,7.70E-10
20150218235105,DR14,2.56E-10
20150219012045,DR14,2.10E-10
20150219043655,DR14,3.64E-10
20150219043700,DR14,2.32E-10
20150219072901,DR14,1.61E-10
20150219074443,DR14,3.23E-10
20150219085804,DR14,1.39E-10
20150219113542,DR14,7.65E-10
20150219132955,DR14,2.07E-10
20150219142113,DR14,4.98E-10
20150219144558,DR14,4.90E-10
20150219160406,DR14,1.90E-09
20150219161859,DR14,4.43E-10
20150219164005,DR14,1.71E-10
20150219170033,DR14,2.10E-10
20150219225824,DR14,1.74E-10
20150220014337,DR14,1.86E-10
20150220025601,DR14,2.08E-10
20150220100203,DR14,2.22E-10
20150220114719,DR14,1.16E-09
20150220132438,DR14,2.27E-10
20150220150623,DR14,1.04E-09
20150220170022,DR14,1.42E-10
20150220172255,DR14,4.36E-10
20150220174650,DR14,1.55E-10
20150220190355,DR14,3.22E-10
20150220193037,DR14,8.72E-10
20150220210816,DR14,2.29E-10
20150220224731,DR14,1.23E-10
20150221021849,DR14,7.97E-09
20150221025701,DR14,9.69E-10
20150221071631,DR14,1.51E-10
20150221105039,DR14,2.19E-10
20150221121054,DR14,2.24E-10
20150221140623,DR14,1.85E-10
20150221162505,DR14,1.64E-10
20150221183335,DR14,8.26E-10
20150221184114,DR14,4.81E-10
20150221194556,DR14,1.41E-10
20150221203414,DR14,9.76E-10
20150222040601,DR14,6.92E-09
20150222040836,DR14,4.53E-10
20150222041710,DR14,5.82E-10
20150222051804,DR14,4.47E-10
20150222124208,DR14,7.82E-10
20150222163321,DR14,3.29E-09
20150222190345,DR14,1.30E-09
20150222214154,DR14,8.57E-10
20150222215334,DR14,3.93E-10
20150223002140,DR14,1.97E-10
20150223092401,DR14,9.70E-10
20150223095220,DR14,3.05E-10
20150223125846,DR14,2.68E-10
20150223181527,DR14,2.61E-10
20150223230038,DR14,4.88E-10
20150224014451,DR14,2.17E-10
20150224061309,DR14,1.83E-09
20150224090943,DR14,2.38E-09
20150224095928,DR14,2.15E-10
20150224100949,DR14,3.88E-10
20150224110310,DR14,7.42E-10
20150224111329,DR14,4.02E-10
20150224113025,DR14,3.68E-10
20150224113517,DR14,5.77E-10
20150224120655,DR14,4.96E-10
20150224122228,DR14,1.75E-10
20150224141132,DR14,1.29E-09
20150224174052,DR14,1.14E-09
20150224175450,DR14,2.02E-10
20150225040857,DR14,1.31E-09
20150225040906,DR14,4.16E-10
20150225083954,DR14,1.11E-09
20150225084759,DR14,2.60E-09
20150225122049,DR14,2.34E-10
20150225134437,DR14,5.64E-10
20150225135232,DR14,2.13E-10
20150225135934,DR14,3.61E-10
20150225144936,DR14,1.54E-09
20150225145302,DR14,2.38E-10
20150225170826,DR14,1.92E-10
20150225213030,DR14,2.28E-10
20150225225517,DR14,1.93E-10
20150226001213,DR14,5.43E-10
20150226022929,DR14,2.25E-10
20150226030158,DR14,2.75E-10
20150226030255,DR14,3.46E-10
20150226043259,DR14,3.55E-10
20150226060007,DR14,3.18E-10
20150226155005,DR14,4.75E-10
20150226165410,DR14,2.59E-10
20150226175601,DR14,1.60E-08
20150226225853,DR14,3.54E-10
20150227020852,DR14,3.30E-10
20150227044747,DR14,2.73E-10
20150227053631,DR14,1.78E-10
20150227070915,DR14,3.28E-10
20150227120148,DR14,1.77E-10
20150227130525,DR14,2.76E-10
20150227134045,DR14,1.66E-10
20150227135426,DR14,2.58E-10
20150227141626,DR14,2.03E-09
20150227151421,DR14,3.91E-10
20150227152636,DR14,1.87E-10
20150227153725,DR14,2.71E-10
20150227190208,DR14,4.39E-10
20150227204936,DR14,2.49E-10
20150227211526,DR14,2.02E-09
20150228002811,DR14,3.35E-10
20150228021110,DR14,3.04E-10
20150228023549,DR14,1.63E-10
20150228031207,DR14,1.61E-09
20150228033421,DR14,9.26E-10
20150228041917,DR14,3.13E-10
20150228042057,DR14,1.43E-10
20150228052254,DR14,2.00E-10
20150228084416,DR14,1.17E-10
20150228111238,DR14,5.81E-10
20150228114610,DR14,2.07E-10
20150228114738,DR14,3.91E-10
20150228120435,DR14,2.65E-10
20150228121215,DR14,2.17E-10
20150228125632,DR14,4.32E-10
20150228130613,DR14,2.21E-10
20150228131208,DR14,8.46E-09
20150228133711,DR14,3.47E-10
20150228133927,DR14,3.92E-10
20150228140201,DR14,1.89E-09
20150228142151,DR14,2.44E-10
20150228145721,DR14,1.66E-10
20150228152259,DR14,2.26E-10
20150228152410,DR14,1.19E-09
20150228152953,DR14,1.26E-10
20150228153124,DR14,1.91E-10
20150228154326,DR14,3.41E-10
20150228160947,DR14,7.77E-10
20150228174015,DR14,4.01E-10
20150228182019,DR14,2.96E-10
20150228190648,DR14,2.66E-10
20150228193527,DR14,6.14E-10
20150228200500,DR14,6.09E-10
20150228202255,DR14,1.51E-10
20150228224053,DR14,2.38E-10